Year,Baseline_Temperature_C,Counterfactual_Temperature_C,Temperature_Difference_C,Baseline_CO2_ppm,Counterfactual_CO2_ppm,CO2_Difference_ppm,Baseline_Emissions_MtCO2,Counterfactual_Emissions_MtCO2,Emissions_Difference_MtCO2
1749.5,0.0,0.0,0.0,278.3,278.3,0.0,0.3069702264049322,0.3069702264049322,0.0
1750.5,0.008821108655945011,0.008821108655945011,0.0,278.3636751726815,278.3636751726815,0.0,0.3124430617486158,0.3124430617486158,0.0
1751.5,0.028771694483280662,0.028771694483280662,0.0,278.41616589455094,278.41616589455094,0.0,0.3180202706588476,0.3180202706588476,0.0
1752.5,0.05627072257149471,0.05627072257149471,0.0,278.4649828819051,278.4649828819051,0.0,0.3236963143716341,0.3236963143716341,0.0
1753.5,0.08726142008150464,0.08726142008150464,0.0,278.51183499793405,278.51183499793405,0.0,0.32948047009968207,0.32948047009968207,0.0
1754.5,0.1190716222687036,0.1190716222687036,0.0,278.55737187424074,278.55737187424074,0.0,0.3353709633311357,0.3353709633311357,0.0
1755.5,0.15302308711540746,0.15302308711540746,0.0,278.60198838875027,278.60198838875027,0.0,0.34201645857336443,0.34201645857336443,0.0
1756.5,0.18892044297170504,0.18892044297170504,0.0,278.646072713018,278.646072713018,0.0,0.34812553171335675,0.34812553171335675,0.0
1757.5,0.22439965585040916,0.22439965585040916,0.0,278.68979753062393,278.68979753062393,0.0,0.35434691990131106,0.35434691990131106,0.0
1758.5,0.26049805767738415,0.26049805767738415,0.0,278.7333533444891,278.7333533444891,0.0,0.3606826894106217,0.3606826894106217,0.0
1759.5,0.297061464140125,0.297061464140125,0.0,278.7769079640577,278.7769079640577,0.0,0.3671312490527128,0.3671312490527128,0.0
1760.5,0.33300652473340786,0.33300652473340786,0.0,278.82059572588946,278.82059572588946,0.0,0.3746629757548951,0.3746629757548951,0.0
1761.5,0.3697222900279112,0.3697222900279112,0.0,278.86461880476526,278.86461880476526,0.0,0.3813546898729654,0.3813546898729654,0.0
1762.5,0.40737847169477903,0.40737847169477903,0.0,278.9089584417295,278.9089584417295,0.0,0.38816943759871086,0.38816943759871086,0.0
1763.5,0.4453089495009349,0.4453089495009349,0.0,278.9537139667805,278.9537139667805,0.0,0.395109482396153,0.395109482396153,0.0
1764.5,0.48517469474062885,0.48517469474062885,0.0,278.99895432938695,278.99895432938695,0.0,0.40217712937053174,0.40217712937053174,0.0
1765.5,0.5229435671553196,0.5229435671553196,0.0,279.04476381625034,279.04476381625034,0.0,0.41065336053974577,0.41065336053974577,0.0
1766.5,0.5606059964370611,0.5606059964370611,0.0,279.09129251865824,279.09129251865824,0.0,0.41798329759307923,0.41798329759307923,0.0
1767.5,0.5986167241034696,0.5986167241034696,0.0,279.13842843525146,279.13842843525146,0.0,0.42544800971789465,0.42544800971789465,0.0
1768.5,0.6345278677553355,0.6345278677553355,0.0,279.1862363376618,279.1862363376618,0.0,0.43304997638732984,0.43304997638732984,0.0
1769.5,0.6707578085906938,0.6707578085906938,0.0,279.23472506079827,279.23472506079827,0.0,0.4407917226896865,0.4407917226896865,0.0
1770.5,0.707740877400187,0.707740877400187,0.0,279.28394723105373,279.28394723105373,0.0,0.45002099390333017,0.45002099390333017,0.0
1771.5,0.7462350348557659,0.7462350348557659,0.0,279.33409838790675,279.33409838790675,0.0,0.45805008208073833,0.45805008208073833,0.0
1772.5,0.7856641537237452,0.7856641537237452,0.0,279.3850619693542,279.3850619693542,0.0,0.46622680731631433,0.46622680731631433,0.0
1773.5,0.8243064054032366,0.8243064054032366,0.0,279.4368934929412,279.4368934929412,0.0,0.47455388570670604,0.47455388570670604,0.0
1774.5,0.8600567614686849,0.8600567614686849,0.0,279.48960701859863,279.48960701859863,0.0,0.4830340833169166,0.4830340833169166,0.0
1775.5,0.8960817607398011,0.8960817607398011,0.0,279.543183309909,279.543183309909,0.0,0.4930892796720026,0.4930892796720026,0.0
1776.5,0.9331937504927976,0.9331937504927976,0.0,279.5978288775612,279.5978288775612,0.0,0.5018842184035635,0.5018842184035635,0.0
1777.5,0.9696972212376254,0.9696972212376254,0.0,279.6534146928489,279.6534146928489,0.0,0.510840883637695,0.510840883637695,0.0
1778.5,1.005142830491864,1.005142830491864,0.0,279.70997010812886,279.70997010812886,0.0,0.5199622506762416,0.5199622506762416,0.0
1779.5,1.041014995168746,1.041014995168746,0.0,279.7675106885646,279.7675106885646,0.0,0.5292550450334811,0.5292550450334811,0.0
1780.5,1.0758058270282356,1.0758058270282356,0.0,279.8260834484481,279.8260834484481,0.0,0.5405146818265687,0.5405146818265687,0.0
1781.5,1.1109396514443977,1.1109396514443977,0.0,279.8858950131683,279.8858950131683,0.0,0.550148582254376,0.550148582254376,0.0
1782.5,1.1464839864604994,1.1464839864604994,0.0,279.9467562138149,279.9467562138149,0.0,0.55996333870227,0.55996333870227,0.0
1783.5,1.1821336483576719,1.1821336483576719,0.0,280.0087264019089,280.0087264019089,0.0,0.5699548194631179,0.5699548194631179,0.0
1784.5,1.2190023093738773,1.2190023093738773,0.0,280.0718420832118,280.0718420832118,0.0,0.5801377107736195,0.5801377107736195,0.0
1785.5,1.25389827302543,1.25389827302543,0.0,280.1361632655687,280.1361632655687,0.0,0.5927986355177579,0.5927986355177579,0.0
1786.5,1.2884548619383935,1.2884548619383935,0.0,280.20192395527073,280.20192395527073,0.0,0.603355231724653,0.603355231724653,0.0
1787.5,1.322376346456477,1.322376346456477,0.0,280.26885898644457,280.26885898644457,0.0,0.6141021999594296,0.6141021999594296,0.0
1788.5,1.353933320103583,1.353933320103583,0.0,280.33701395397907,280.33701395397907,0.0,0.6250505014560961,0.6250505014560961,0.0
1789.5,1.3858139316182432,1.3858139316182432,0.0,280.4063784877023,280.4063784877023,0.0,0.63620007670524,0.63620007670524,0.0
1790.5,1.418194670047245,1.418194670047245,0.0,280.4770143821141,280.4770143821141,0.0,0.6498088914920733,0.6498088914920733,0.0
1791.5,1.4517454007221016,1.4517454007221016,0.0,280.549226644067,280.549226644067,0.0,0.6620189674882638,0.6620189674882638,0.0
1792.5,1.4859156201558075,1.4859156201558075,0.0,280.62285766332957,280.62285766332957,0.0,0.6738100360722689,0.6738100360722689,0.0
1793.5,1.519224816648881,1.519224816648881,0.0,280.6978903167362,280.6978903167362,0.0,0.6857482222131754,0.6857482222131754,0.0
1794.5,1.5494856035699602,1.5494856035699602,0.0,280.774335815139,280.774335815139,0.0,0.6979661661272785,0.6979661661272785,0.0
1795.5,1.5797552023791732,1.5797552023791732,0.0,280.8521626434208,280.8521626434208,0.0,0.7114967717684133,0.7114967717684133,0.0
1796.5,1.6109408252154729,1.6109408252154729,0.0,280.93155428150163,280.93155428150163,0.0,0.7253138965904856,0.7253138965904856,0.0
1797.5,1.6413685678956735,1.6413685678956735,0.0,281.0125704151633,281.0125704151633,0.0,0.7392238455766408,0.7392238455766408,0.0
1798.5,1.6706392679515882,1.6706392679515882,0.0,281.0951981289746,281.0951981289746,0.0,0.7537167439296475,0.7537167439296475,0.0
1799.5,1.6995519871590221,1.6995519871590221,0.0,281.17948209864613,281.17948209864613,0.0,0.7688829426973586,0.7688829426973586,0.0
1800.5,1.7276056004295544,1.7276056004295544,0.0,281.26550109725366,281.26550109725366,0.0,0.7822756362962657,0.7822756362962657,0.0
1801.5,1.7561094011855387,1.7561094011855387,0.0,281.3530332777259,281.3530332777259,0.0,0.8046596181245348,0.8046596181245348,0.0
1802.5,1.7844114382284595,1.7844114382284595,0.0,281.44316316572673,281.44316316572673,0.0,0.8138236811860189,0.8138236811860189,0.0
1803.5,1.8130598306010839,1.8130598306010839,0.0,281.5342527083422,281.5342527083422,0.0,0.8311424084751923,0.8311424084751923,0.0
1804.5,1.8423812788765086,1.8423812788765086,0.0,281.6274222030796,281.6274222030796,0.0,0.8450038809476331,0.8450038809476331,0.0
1805.5,1.8697452541978352,1.8697452541978352,0.0,281.7222480081967,281.7222480081967,0.0,0.8615128148933023,0.8615128148933023,0.0
1806.5,1.8966147862724518,1.8966147862724518,0.0,281.8190073173796,281.8190073173796,0.0,0.8792076321957781,0.8792076321957781,0.0
1807.5,1.9229500168976634,1.9229500168976634,0.0,281.91781952187705,281.91781952187705,0.0,0.8921663403401754,0.8921663403401754,0.0
1808.5,1.9472173161769324,1.9472173161769324,0.0,282.0181196062354,282.0181196062354,0.0,0.9079515429872814,0.9079515429872814,0.0
1809.5,1.971662177969607,1.971662177969607,0.0,282.12024944636806,282.12024944636806,0.0,0.9262632139052227,0.9262632139052227,0.0
1810.5,1.9963996247260107,1.9963996247260107,0.0,282.22452993972456,282.22452993972456,0.0,0.9448086042706182,0.9448086042706182,0.0
1811.5,2.0220828604658925,2.0220828604658925,0.0,282.33097840951547,282.33097840951547,0.0,0.9628439812839488,0.9628439812839488,0.0
1812.5,2.0486228782748714,2.0486228782748714,0.0,282.43956762406657,282.43956762406657,0.0,0.9799841126249956,0.9799841126249956,0.0
1813.5,2.0742410197023027,2.0742410197023027,0.0,282.55023645497175,282.55023645497175,0.0,0.9981742518019483,0.9981742518019483,0.0
1814.5,2.0970013831458236,2.0970013831458236,0.0,282.663090860112,282.663090860112,0.0,1.0171793772405207,1.0171793772405207,0.0
1815.5,2.1198402509180463,2.1198402509180463,0.0,282.77812206806533,282.77812206806533,0.0,1.039798662027101,1.039798662027101,0.0
1816.5,2.1432321103573355,2.1432321103573355,0.0,282.895780020243,282.895780020243,0.0,1.0601787930758704,1.0601787930758704,0.0
1817.5,2.1664529662137486,2.1664529662137486,0.0,283.01579472867087,283.01579472867087,0.0,1.0790517621225084,1.0790517621225084,0.0
1818.5,2.188645432795318,2.188645432795318,0.0,283.1380093787463,283.1380093787463,0.0,1.0981981464648363,1.0981981464648363,0.0
1819.5,2.2108950289105715,2.2108950289105715,0.0,283.2624593192302,283.2624593192302,0.0,1.1182403624390895,1.1182403624390895,0.0
1820.5,2.2323588668341117,2.2323588668341117,0.0,283.38929201712386,283.38929201712386,0.0,1.1386719825176554,1.1386719825176554,0.0
1821.5,2.254110841068615,2.254110841068615,0.0,283.51853455549673,283.51853455549673,0.0,1.1607320959085101,1.1607320959085101,0.0
1822.5,2.276063476012348,2.276063476012348,0.0,283.6504118691925,283.6504118691925,0.0,1.1843814840460833,1.1843814840460833,0.0
1823.5,2.298703314058121,2.298703314058121,0.0,283.7851120249186,283.7851120249186,0.0,1.2067856002835957,1.2067856002835957,0.0
1824.5,2.3219665990199534,2.3219665990199534,0.0,283.9225056555938,283.9225056555938,0.0,1.230519021754082,1.230519021754082,0.0
1825.5,2.3436680337722655,2.3436680337722655,0.0,284.06279233756425,284.06279233756425,0.0,1.2525806844028076,1.2525806844028076,0.0
1826.5,2.3653170872527194,2.3653170872527194,0.0,284.20569190320543,284.20569190320543,0.0,1.27906131363416,1.27906131363416,0.0
1827.5,2.3866519393513084,2.3866519393513084,0.0,284.3517660537403,284.3517660537403,0.0,1.3020131850572296,1.3020131850572296,0.0
1828.5,2.4058399721390553,2.4058399721390553,0.0,284.50055755563676,284.50055755563676,0.0,1.324109077059254,1.324109077059254,0.0
1829.5,2.4253613454616296,2.4253613454616296,0.0,284.6519090694177,284.6519090694177,0.0,1.3701850045445592,1.3701850045445592,0.0
1830.5,2.4450451331321283,2.4450451331321283,0.0,284.8087056222347,284.8087056222347,0.0,1.3890446693206215,1.3890446693206215,0.0
1831.5,2.4662104404279175,2.4662104404279175,0.0,284.9674611512652,284.9674611512652,0.0,1.413098383676782,1.413098383676782,0.0
1832.5,2.4884392530428463,2.4884392530428463,0.0,285.12912384028095,285.12912384028095,0.0,1.4394801474099028,1.4394801474099028,0.0
1833.5,2.509959740583655,2.509959740583655,0.0,285.2940742523152,285.2940742523152,0.0,1.4660730687053927,1.4660730687053927,0.0
1834.5,2.5291984086031736,2.5291984086031736,0.0,285.4622874320363,285.4622874320363,0.0,1.4934718484568805,1.4934718484568805,0.0
1835.5,2.5489725599871864,2.5489725599871864,0.0,285.6337389663823,285.6337389663823,0.0,1.5337087527354694,1.5337087527354694,0.0
1836.5,2.5689184046161313,2.5689184046161313,0.0,285.80999918555,285.80999918555,0.0,1.5600987523088778,1.5600987523088778,0.0
1837.5,2.5888072561895186,2.5888072561895186,0.0,285.98929104997734,285.98929104997734,0.0,1.5905956053752388,1.5905956053752388,0.0
1838.5,2.6081579330653786,2.6081579330653786,0.0,286.1722207547729,286.1722207547729,0.0,1.6215606278848969,1.6215606278848969,0.0
1839.5,2.627697151840038,2.627697151840038,0.0,286.35882964881074,286.35882964881074,0.0,1.6574624378953349,1.6574624378953349,0.0
1840.5,2.647120744340628,2.647120744340628,0.0,286.5497332853514,286.5497332853514,0.0,1.6895715834472964,1.6895715834472964,0.0
1841.5,2.666478012998778,2.666478012998778,0.0,286.74443056465947,286.74443056465947,0.0,1.7257930759149782,1.7257930759149782,0.0
1842.5,2.686153397772445,2.686153397772445,0.0,286.94344440150684,286.94344440150684,0.0,1.75804229557756,1.75804229557756,0.0
1843.5,2.707085151510983,2.707085151510983,0.0,287.1463090127014,287.1463090127014,0.0,1.796642645613562,1.796642645613562,0.0
1844.5,2.728684659947609,2.728684659947609,0.0,287.3539146629668,287.3539146629668,0.0,1.8414662124136818,1.8414662124136818,0.0
1845.5,2.7484582903315045,2.7484582903315045,0.0,287.5669739020573,287.5669739020573,0.0,1.8738766309009416,1.8738766309009416,0.0
1846.5,2.768401941750363,2.768401941750363,0.0,287.78377175293804,287.78377175293804,0.0,1.917343629440368,1.917343629440368,0.0
1847.5,2.7878132253533323,2.7878132253533323,0.0,288.0057746394203,288.0057746394203,0.0,1.948146516725036,1.948146516725036,0.0
1848.5,2.8056423453586588,2.8056423453586588,0.0,288.23138798268366,288.23138798268366,0.0,1.987163155793652,1.987163155793652,0.0
1849.5,2.8241045406169354,2.8241045406169354,0.0,288.4616288253522,288.4616288253522,0.0,2.029711603882692,2.029711603882692,0.0
1850.5,2.8429878901498724,2.8429878901498724,0.0,288.6969816460069,288.6969816460069,0.0,2.0015890007951986,2.0015890007951986,0.0
1851.5,2.8637046800810175,2.8637046800810175,0.0,288.9217352824017,288.9217352824017,0.0,2.2145284124987237,2.2145284124987237,0.0
1852.5,2.8860812921564,2.8860812921564,0.0,289.193922131512,289.193922131512,0.0,2.2154635275273944,2.2154635275273944,0.0
1853.5,2.9080602611184845,2.9080602611184845,0.0,289.4577555722114,289.4577555722114,0.0,2.2449696277691276,2.2449696277691276,0.0
1854.5,2.9272657689381547,2.9272657689381547,0.0,289.7193063162089,289.7193063162089,0.0,2.2364807638859436,2.2364807638859436,0.0
1855.5,2.9471102240849683,2.9471102240849683,0.0,289.97446415674995,289.97446415674995,0.0,2.275331593641025,2.275331593641025,0.0
1856.5,2.96751428342856,2.96751428342856,0.0,290.23404083140497,290.23404083140497,0.0,2.297442413633076,2.297442413633076,0.0
1857.5,2.987310842345759,2.987310842345759,0.0,290.49546347349974,290.49546347349974,0.0,2.3187336158185667,2.3187336158185667,0.0
1858.5,3.0064069174829453,3.0064069174829453,0.0,290.7583591845624,290.7583591845624,0.0,2.3644381004113204,2.3644381004113204,0.0
1859.5,3.0248095417225827,3.0248095417225827,0.0,291.0269603849269,291.0269603849269,0.0,2.410148469169493,2.410148469169493,0.0
1860.5,3.0420525935494918,3.0420525935494918,0.0,291.29945169188306,291.29945169188306,0.0,2.4681252038235764,2.4681252038235764,0.0
1861.5,3.0591124577638853,3.0591124577638853,0.0,291.58002413194384,291.58002413194384,0.0,2.252982764124505,2.252982764124505,0.0
1862.5,3.075642650579733,3.075642650579733,0.0,291.804729378706,291.804729378706,0.0,2.274239106879483,2.274239106879483,0.0
1863.5,3.09195018033521,3.09195018033521,0.0,292.03487508433204,292.03487508433204,0.0,2.302029059321752,2.302029059321752,0.0
1864.5,3.1076501044615306,3.1076501044615306,0.0,292.2693875588387,292.2693875588387,0.0,2.327607561479852,2.327607561479852,0.0
1865.5,3.120581782595495,3.120581782595495,0.0,292.50697655206505,292.50697655206505,0.0,2.3420387685516055,2.3420387685516055,0.0
1866.5,3.1330969271803797,3.1330969271803797,0.0,292.74515015683113,292.74515015683113,0.0,2.3652479907832253,2.3652479907832253,0.0
1867.5,3.144452608202294,3.144452608202294,0.0,292.9840760805825,292.9840760805825,0.0,2.3709877781108,2.3709877781108,0.0
1868.5,3.1539732276851464,3.1539732276851464,0.0,293.2215038272402,293.2215038272402,0.0,2.3931121641481043,2.3931121641481043,0.0
1869.5,3.164035330553712,3.164035330553712,0.0,293.45934698700154,293.45934698700154,0.0,2.40148111546142,2.40148111546142,0.0
1870.5,3.1738339571173375,3.1738339571173375,0.0,293.69623345221083,293.69623345221083,0.0,2.5067171695871626,2.5067171695871626,0.0
1871.5,3.1850257679022196,3.1850257679022196,0.0,293.9530931842557,293.9530931842557,0.0,2.875067084856936,2.875067084856936,0.0
1872.5,3.1986748453245606,3.1986748453245606,0.0,294.2876901800785,294.2876901800785,0.0,2.9509538949475242,2.9509538949475242,0.0
1873.5,3.2132969822725865,3.2132969822725865,0.0,294.6247720351351,294.6247720351351,0.0,2.944278397155142,2.944278397155142,0.0
1874.5,3.23087588364736,3.23087588364736,0.0,294.95524610742814,294.95524610742814,0.0,3.0179667920920443,3.0179667920920443,0.0
1875.5,3.2541627256936083,3.2541627256936083,0.0,295.2918343850885,295.2918343850885,0.0,3.056069874261878,3.056069874261878,0.0
1876.5,3.281370150278561,3.281370150278561,0.0,295.63125828150356,295.63125828150356,0.0,3.094696113610791,3.094696113610791,0.0
1877.5,3.3117498421735316,3.3117498421735316,0.0,295.97413232857724,295.97413232857724,0.0,3.12343750211347,3.12343750211347,0.0
1878.5,3.3446242264820323,3.3446242264820323,0.0,296.32005208189634,296.32005208189634,0.0,3.194630320625308,3.194630320625308,0.0
1879.5,3.3772051767926894,3.3772051767926894,0.0,296.6746888828806,296.6746888828806,0.0,3.3133829160435857,3.3133829160435857,0.0
1880.5,3.408037098472298,3.408037098472298,0.0,297.04292488344834,297.04292488344834,0.0,3.473343160635712,3.473343160635712,0.0
1881.5,3.4374799455585103,3.4374799455585103,0.0,297.44252188020823,297.44252188020823,0.0,3.339511065043658,3.339511065043658,0.0
1882.5,3.4648281442267876,3.4648281442267876,0.0,297.797811919178,297.797811919178,0.0,3.416541757109122,3.416541757109122,0.0
1883.5,3.4903248382851095,3.4903248382851095,0.0,298.16412199983375,298.16412199983375,0.0,3.4355409543300097,3.4355409543300097,0.0
1884.5,3.5134105026627056,3.5134105026627056,0.0,298.53137981966574,298.53137981966574,0.0,3.4640259014109467,3.4640259014109467,0.0
1885.5,3.5339326233497075,3.5339326233497075,0.0,298.901908080615,298.901908080615,0.0,3.4821805433492425,3.4821805433492425,0.0
1886.5,3.553409977371073,3.553409977371073,0.0,299.27183695988435,299.27183695988435,0.0,3.528344322137953,3.528344322137953,0.0
1887.5,3.5707487989638587,3.5707487989638587,0.0,299.64429740713155,299.64429740713155,0.0,3.6298680397849754,3.6298680397849754,0.0
1888.5,3.5840541827596173,3.5840541827596173,0.0,300.0255603592794,300.0255603592794,0.0,3.6294328676028913,3.6294328676028913,0.0
1889.5,3.5973351384580194,3.5973351384580194,0.0,300.4021801753462,300.4021801753462,0.0,3.712263325023644,3.712263325023644,0.0
1890.5,3.610819846800406,3.610819846800406,0.0,300.78387994895746,300.78387994895746,0.0,3.755563908287637,3.755563908287637,0.0
1891.5,3.6260927903524713,3.6260927903524713,0.0,301.1656600710912,301.1656600710912,0.0,3.817903822667819,3.817903822667819,0.0
1892.5,3.6433928383121468,3.6433928383121468,0.0,301.5582737422152,301.5582737422152,0.0,3.802169065345335,3.802169065345335,0.0
1893.5,3.6614071828211676,3.6614071828211676,0.0,301.9456983467807,301.9456983467807,0.0,3.908886481121571,3.908886481121571,0.0
1894.5,3.677642633708618,3.677642633708618,0.0,302.3504048594846,302.3504048594846,0.0,4.003983382857884,4.003983382857884,0.0
1895.5,3.6932045357385985,3.6932045357385985,0.0,302.76465950986034,302.76465950986034,0.0,4.056965680878467,4.056965680878467,0.0
1896.5,3.7091841849658858,3.7091841849658858,0.0,303.1816562087476,303.1816562087476,0.0,4.132980324962407,4.132980324962407,0.0
1897.5,3.724179566336704,3.724179566336704,0.0,303.6045830918508,303.6045830918508,0.0,4.22027236636609,4.22027236636609,0.0
1898.5,3.7380889096921375,3.7380889096921375,0.0,304.0346715291086,304.0346715291086,0.0,4.3675558790737,4.3675558790737,0.0
1899.5,3.748855858106606,3.748855858106606,0.0,304.4778734001292,304.4778734001292,0.0,4.465964117982414,4.465964117982414,0.0
1900.5,3.7584243744279866,3.7584243744279866,0.0,304.9279861771239,304.9279861771239,0.0,4.768881210619078,4.768881210619078,0.0
1901.5,3.769330176431752,3.769330176431752,0.0,305.43822446613837,305.43822446613837,0.0,4.835690373855374,4.835690373855374,0.0
1902.5,3.7814636273650084,3.7814636273650084,0.0,305.9474194566079,305.9474194566079,0.0,5.1156614493466055,5.1156614493466055,0.0
1903.5,3.7926502537379414,3.7926502537379414,0.0,306.49487614534735,306.49487614534735,0.0,5.244746845933503,5.244746845933503,0.0
1904.5,3.8031747747082707,3.8031747747082707,0.0,307.058688354436,307.058688354436,0.0,5.479764122582997,5.479764122582997,0.0
1905.5,3.8128895215422784,3.8128895215422784,0.0,307.6519921469986,307.6519921469986,0.0,5.7100217600779795,5.7100217600779795,0.0
1906.5,3.8226515519404884,3.8226515519404884,0.0,308.2747218662486,308.2747218662486,0.0,6.046017596445159,6.046017596445159,0.0
1907.5,3.8292361887951603,3.8292361887951603,0.0,308.92914729239203,308.92914729239203,0.0,5.99360887265715,5.99360887265715,0.0
1908.5,3.8392114048980464,3.8392114048980464,0.0,309.5667610508176,309.5667610508176,0.0,6.115290591935903,6.115290591935903,0.0
1909.5,3.8512800465342587,3.8512800465342587,0.0,310.2118443592409,310.2118443592409,0.0,6.27103467072368,6.27103467072368,0.0
1910.5,3.861731405503991,3.861731405503991,0.0,310.86909535304045,310.86909535304045,0.0,6.113829365647246,6.113829365647246,0.0
1911.5,3.8741556144616474,3.8741556144616474,0.0,311.4715716326424,311.4715716326424,0.0,6.122579081930935,6.122579081930935,0.0
1912.5,3.8875448900742122,3.8875448900742122,0.0,312.0553333216442,312.0553333216442,0.0,6.265772410241477,6.265772410241477,0.0
1913.5,3.8989344775166574,3.8989344775166574,0.0,312.6411509093425,312.6411509093425,0.0,5.938952988652286,5.938952988652286,0.0
1914.5,3.2643039194152976,3.2643039194152976,0.0,313.17955167413254,313.17955167413254,0.0,5.864556461843017,5.864556461843017,0.0
1915.5,2.5021042409519194,2.5021042409519194,0.0,313.56940480628333,313.56940480628333,0.0,6.101453380465071,6.101453380465071,0.0
1916.5,1.9697106780732334,1.9697106780732334,0.0,313.826222512638,313.826222512638,0.0,6.2272396888862955,6.2272396888862955,0.0
1917.5,1.6151185845211902,1.6151185845211902,0.0,314.0107826823111,314.0107826823111,0.0,6.205488449848611,6.205488449848611,0.0
1918.5,1.3771229721529665,1.3771229721529665,0.0,314.16283239903623,314.16283239903623,0.0,5.833870141311994,5.833870141311994,0.0
1919.5,1.2218844868493204,1.2218844868493204,0.0,314.27174447641687,314.27174447641687,0.0,6.290309927049032,6.290309927049032,0.0
1920.5,1.108979265714724,1.108979265714724,0.0,314.4504076547249,314.4504076547249,0.0,6.065154041057446,6.065154041057446,0.0
1921.5,1.0318739482962187,1.0318739482962187,0.0,314.62973288384114,314.62973288384114,0.0,6.219539617674634,6.219539617674634,0.0
1922.5,0.9739941617478614,0.9739941617478614,0.0,314.83592030051335,314.83592030051335,0.0,6.67311577947867,6.67311577947867,0.0
1923.5,0.9142177932055675,0.9142177932055675,0.0,315.1077050644395,315.1077050644395,0.0,6.735335735168173,6.735335735168173,0.0
1924.5,0.861746403379992,0.861746403379992,0.0,315.38787427727056,315.38787427727056,0.0,6.795885288424897,6.795885288424897,0.0
1925.5,0.819088103984785,0.819088103984785,0.0,315.6785807251792,315.6785807251792,0.0,6.76633348002835,6.76633348002835,0.0
1926.5,0.7834607082443534,0.7834607082443534,0.0,315.97276865620756,315.97276865620756,0.0,7.280512886863951,7.280512886863951,0.0
1927.5,0.74892561241549,0.74892561241549,0.0,316.348584968144,316.348584968144,0.0,7.308504362646745,7.308504362646745,0.0
1928.5,0.7181419517598915,0.7181419517598915,0.0,316.72335309558196,316.72335309558196,0.0,7.70445386523897,7.70445386523897,0.0
1929.5,0.6878127183498771,0.6878127183498771,0.0,317.1539900356587,317.1539900356587,0.0,7.679533787962669,7.679533787962669,0.0
1930.5,0.6645787297808933,0.6645787297808933,0.0,317.6064290986079,317.6064290986079,0.0,7.33549598324422,7.33549598324422,0.0
1931.5,0.6580768528255388,0.6580768528255388,0.0,318.0194057968843,318.0194057968843,0.0,6.65192078097279,6.65192078097279,0.0
1932.5,0.6628763708146631,0.6628763708146631,0.0,318.3238651580744,318.3238651580744,0.0,6.7984784646133996,6.7984784646133996,0.0
1933.5,0.664383153822102,0.664383153822102,0.0,318.67163573518116,318.67163573518116,0.0,7.038366964030929,7.038366964030929,0.0
1934.5,0.6546464505303111,0.6546464505303111,0.0,319.0540362978119,319.0540362978119,0.0,7.216325137317694,7.216325137317694,0.0
1935.5,0.6381617085752703,0.6381617085752703,0.0,319.4581655663643,319.4581655663643,0.0,7.612653058590989,7.612653058590989,0.0
1936.5,0.6173468919933592,0.6173468919933592,0.0,319.90852695286793,319.90852695286793,0.0,7.825863317155545,7.825863317155545,0.0
1937.5,0.5949327010157419,0.5949327010157419,0.0,320.3647481121666,320.3647481121666,0.0,7.58079950098595,7.58079950098595,0.0
1938.5,0.5835613648170189,0.5835613648170189,0.0,320.7876636397608,320.7876636397608,0.0,7.836395431079665,7.836395431079665,0.0
1939.5,0.5728426799917525,0.5728426799917525,0.0,321.2425444647054,321.2425444647054,0.0,8.156903938474038,8.156903938474038,0.0
1940.5,0.5569824484664204,0.5569824484664204,0.0,321.725978909481,321.725978909481,0.0,8.18422489919317,8.18422489919317,0.0
1941.5,0.5405523456987507,0.5405523456987507,0.0,322.19786955959137,322.19786955959137,0.0,8.268324115662388,8.268324115662388,0.0
1942.5,0.5250571085006701,0.5250571085006701,0.0,322.6845550958366,322.6845550958366,0.0,8.410163203247178,8.410163203247178,0.0
1943.5,0.5125984757333972,0.5125984757333972,0.0,323.1799649337125,323.1799649337125,0.0,8.377774641940679,8.377774641940679,0.0
1944.5,0.5053300532779795,0.5053300532779795,0.0,323.6696615001079,323.6696615001079,0.0,7.621090604011107,7.621090604011107,0.0
1945.5,0.511314970466494,0.511314970466494,0.0,324.07281987153743,324.07281987153743,0.0,8.344523463193699,8.344523463193699,0.0
1946.5,0.5229035868101849,0.5229035868101849,0.0,324.6090167599931,324.6090167599931,0.0,9.027474124247378,9.027474124247378,0.0
1947.5,0.524070232501278,0.524070232501278,0.0,325.2268400037225,325.2268400037225,0.0,9.393938984533275,9.393938984533275,0.0
1948.5,0.5170115070753084,0.5170115070753084,0.0,325.8699631000968,325.8699631000968,0.0,9.334309155077829,9.334309155077829,0.0
1949.5,0.5126932292192001,0.5126932292192001,0.0,326.49179685409746,326.49179685409746,0.0,10.044669353138307,10.044669353138307,0.0
1950.5,0.5017911617533247,0.5017911617533247,0.0,327.19032701013634,327.19032701013634,0.0,11.290690988473713,11.290690988473713,0.0
1951.5,0.4917061271450617,0.4917061271450617,0.0,328.09906545484307,328.09906545484307,0.0,11.518764008649027,11.518764008649027,0.0
1952.5,0.48529113669426094,0.48529113669426094,0.0,328.9960799381686,328.9960799381686,0.0,11.706256085373278,11.706256085373278,0.0
1953.5,0.4799178335977876,0.4799178335977876,0.0,329.8819239969207,329.8819239969207,0.0,12.08537713451451,12.08537713451451,0.0
1954.5,0.47746950907991625,0.47746950907991625,0.0,330.8112989499019,330.8112989499019,0.0,12.923063787504452,12.923063787504452,0.0
1955.5,0.4709705021768265,0.4709705021768265,0.0,331.83041417606023,331.83041417606023,0.0,13.695219825497885,13.695219825497885,0.0
1956.5,0.45743510842244745,0.45743510842244745,0.0,332.92657308353836,332.92657308353836,0.0,14.15307212011279,14.15307212011279,0.0
1957.5,0.4411527192262122,0.4411527192262122,0.0,334.0459212447118,334.0459212447118,0.0,14.642001734743271,14.642001734743271,0.0
1958.5,0.4332270408311384,0.4332270408311384,0.0,335.20463518993034,335.20463518993034,0.0,14.941197862638571,14.941197862638571,0.0
1959.5,0.42875051420407545,0.42875051420407545,0.0,336.34096747076546,336.34096747076546,0.0,15.35390677985734,15.35390677985734,0.0
1960.5,0.423942654826065,0.423942654826065,0.0,337.49649935613525,337.49649935613525,0.0,15.695776428517677,15.695776428517677,0.0
1961.5,0.40547505206573403,0.40547505206573403,0.0,338.6966047395241,338.6966047395241,0.0,16.08368448972033,16.08368448972033,0.0
1962.5,0.3876349460343793,0.3876349460343793,0.0,339.9030632860974,339.9030632860974,0.0,16.722317626809787,16.722317626809787,0.0
1963.5,0.3720465392994976,0.3720465392994976,0.0,341.1558964545745,341.1558964545745,0.0,17.26628028418647,17.26628028418647,0.0
1964.5,0.36196849617748833,0.36196849617748833,0.0,342.4354063297374,342.4354063297374,0.0,17.92448136720482,17.92448136720482,0.0
1965.5,0.35630713777429895,0.35630713777429895,0.0,343.7748664803039,343.7748664803039,0.0,18.518227429291922,18.518227429291922,0.0
1966.5,0.35383154769187697,0.35383154769187697,0.0,345.15233315594423,345.15233315594423,0.0,19.13512072480886,19.13512072480886,0.0
1967.5,0.35639625606777675,0.35639625606777675,0.0,346.5897219370378,346.5897219370378,0.0,19.72054151379957,19.72054151379957,0.0
1968.5,0.3606315355749862,0.3606315355749862,0.0,348.04368508242123,348.04368508242123,0.0,20.54023517404935,20.54023517404935,0.0
1969.5,0.3661984680332201,0.3661984680332201,0.0,349.5650958803826,349.5650958803826,0.0,21.45695681952457,21.45695681952457,0.0
1970.5,0.36782901018949765,0.36782901018949765,0.0,351.1572436638064,351.1572436638064,0.0,21.67812813296828,21.67812813296828,0.0
1971.5,0.3718057973953281,0.3718057973953281,0.0,352.68609638105033,352.68609638105033,0.0,22.109185509073214,22.109185509073214,0.0
1972.5,0.37422197086181785,0.37422197086181785,0.0,354.21424273061876,354.21424273061876,0.0,23.064162183838654,23.064162183838654,0.0
1973.5,0.37740356110126827,0.37740356110126827,0.0,355.83247726071244,355.83247726071244,0.0,22.861374495353292,22.861374495353292,0.0
1974.5,0.38834458228225155,0.38834458228225155,0.0,357.3883709606884,357.3883709606884,0.0,22.836196690748288,22.836196690748288,0.0
1975.5,0.4090334676829172,0.4090334676829172,0.0,358.93853919166503,358.93853919166503,0.0,23.873377967900648,23.570603536402793,-0.30277443149785555
1976.5,0.42522094630759577,0.42513336233571997,-8.758397187580425e-05,360.6144513976676,360.579414692682,-0.03503670498560041,24.61235105284009,24.462828675708842,-0.14952237713124816
1977.5,0.43984752174709824,0.4396241138535055,-0.00022340789359270863,362.3677888655492,362.3202397493727,-0.0475491161764694,25.215438997665707,25.19318841774128,-0.022250579924428138
1978.5,0.4572304799856737,0.4569031925927837,-0.00032728739288995223,364.14177539326386,364.0965210859873,-0.045254307276536565,25.589010923602824,25.766085252701178,0.1770743290983532
1979.5,0.47511601155485167,0.4747809415911933,-0.0003350699636583965,365.9188384904127,365.8972033487807,-0.021635141632032173,25.266664138894928,26.35038050180778,1.0837163629128526
1980.5,0.49524156460957525,0.49524074309550664,-8.215140686052003e-07,367.6399928198903,367.74363171240196,0.10363889251163982,24.889467179161663,27.27335296506079,2.3838857858991283
1981.5,0.5229405724432541,0.5239654025366233,0.0010248300933691779,369.31847078160973,369.68330705914644,0.36483627753671044,24.68149320010044,28.082827960154848,3.4013347600544073
1982.5,0.5505908811596328,0.5535024007612622,0.0029115196016293865,370.9828203968637,371.70013721589,0.71731681902628,25.34362706963742,29.49891320441765,4.15528613478023
1983.5,0.5857633232446657,0.5913946954376356,0.00563137219296983,372.80737636445036,373.93562759490624,1.1282512304558736,25.945122385173725,30.306435326651847,4.361312941478122
1984.5,0.6209433370129567,0.6299102621534073,0.00896692514045061,374.7053425657949,376.24158707619074,1.536244510395818,26.30573628446545,30.830051566015065,4.524315281549615
1985.5,0.6532860698192314,0.6659909796966548,0.012704909877423343,376.64928112295,378.594383386866,1.9451022639159987,26.803401640676224,31.794974369072463,4.991572728396239
1986.5,0.6854712475991029,0.7022731820777494,0.01680193447864642,378.6508072785222,381.0464741311777,2.395666852655495,27.328503126944977,32.3765288383645,5.048025711419523
1987.5,0.7144438749174239,0.7356146393712364,0.021170764453812496,380.6929265049836,383.53106397978786,2.8381374748042845,28.02736200868042,32.83117741470143,4.803815406021009
1988.5,0.7425523754886765,0.7681714574918527,0.025619082003176197,382.80144848486964,386.04322455051073,3.2417760656410906,28.374727581686116,33.34518722928833,4.970459647602212
1989.5,0.7737392566795341,0.8038520496121484,0.030112792932614263,384.93999426957976,388.60205995014513,3.6620656805653766,27.966719141263393,32.91832228082807,4.9516031395646785
1990.5,0.804629749195028,0.8392676153358366,0.03463786614080855,386.97883249799486,391.05438177571165,4.075549277716789,28.68158912965497,33.40630578447508,4.72471665482011
1991.5,0.8260537802982028,0.8651681901278133,0.039114409829610564,389.1887024284304,393.64803836198485,4.459335933554428,28.688840321545854,34.427222914555244,5.738382593009391
1992.5,0.8608217871083472,0.904612989866258,0.04379120275791082,391.3969630483417,396.36149034679715,4.964527298455437,28.363262281269847,34.29969778567781,5.93643550440796
1993.5,0.9034344194300874,0.9522234068480392,0.04878898741795179,393.50039390214556,398.9818694951901,5.481475593044536,28.376682198882975,34.835825709037344,6.4591435101543695
1994.5,0.935703950336533,0.9898260734210709,0.0541221230845379,395.6004264025741,401.65250996722665,6.052083564652548,28.815252360570447,35.64112135338376,6.825868992813312
1995.5,0.975296786427617,1.0351349499826898,0.059838163555072876,397.7510104287619,404.4056386887799,6.654628260018001,29.248046572403606,36.46599118856543,7.217944616161827
1996.5,1.0167665363693563,1.082643187515279,0.06587665114592278,399.9522201547355,407.2459636736809,7.293743518945348,32.092809751580184,40.40789287292416,8.315083121343974
1997.5,1.0448194777193742,1.1172957615511503,0.07247628383177607,402.8113615971173,410.86765408387134,8.056292486754046,29.798196815477173,39.02842579744219,9.230228981965016
1998.5,1.066532411136732,1.1462534376846423,0.07972102654791025,405.04241260640623,413.95286170003374,8.910449093627506,29.18643353012279,39.07694907514562,9.89051554502283
1999.5,1.1143003443316093,1.2020280537784722,0.08772770944686292,407.10247933291896,416.92270421766585,9.820224884746892,29.661880145240733,40.55810083355061,10.896220688309878
2000.5,1.165584098883336,1.262009232831581,0.09642513394824515,409.2155028586044,420.0479878819684,10.832485023364029,29.01834354509752,40.595840458061474,11.577496912963955
2001.5,1.2130140920721897,1.3189192166661952,0.10590512459400547,411.1757804597929,423.0813965340566,11.905616074263662,29.933395293838167,41.96225954499424,12.028864251156072
2002.5,1.24116184449734,1.35710559538427,0.11594375088692987,413.33332339838813,426.3469509219976,13.013627523609443,30.509191367226617,42.54673858990894,12.037547222682324
2003.5,1.2631837255302307,1.3896410748300638,0.1264573492998331,415.4868734372651,429.59112811720894,14.104254679943836,32.433491912222706,45.54533666007422,13.111844747851514
2004.5,1.2806420905606581,1.4179940064809164,0.1373519159202583,417.9339345816886,433.24846430733515,15.314529725646537,33.41662985812852,47.45162967193563,14.034999813807104
2005.5,1.3020498520780714,1.4510029229362538,0.14895307085818232,420.46663648821584,437.087558398634,16.620921910418133,34.63186563025894,49.91772746007331,15.285861829814365
2006.5,1.3169680714188905,1.4781830304523518,0.16121495903346128,423.1516182320923,441.21445151639733,18.062833284305043,35.352232803840074,52.11619866411123,16.763965860271156
2007.5,1.345381319786051,1.5199533729679062,0.1745720531818553,425.83211953652415,445.49497548885813,19.662855952333985,34.45121046720392,52.01735382477953,17.566143357575612
2008.5,1.3784259411858963,1.5671861939586598,0.18876025277276343,428.25325905138584,449.5880759945096,21.33481694312377,34.22539114919836,51.96953730753643,17.74414615833807
2009.5,1.4215403369399966,1.6252747878201246,0.20373445088012798,430.6989458471729,453.7042041741672,23.005258326994294,36.13383605886364,54.57098165949408,18.437145600630437
2010.5,1.458523696090883,1.677652933710741,0.21912923761985814,433.4537617135795,458.2031053144881,24.74934360090856,37.26602925980261,56.587850270341896,19.32182101053929
2011.5,1.500191352749548,1.7354589635523345,0.23526761080278646,436.34834753108737,462.9405121150945,26.59216458400715,37.953911873262264,58.44756867701006,20.493656803747797
2012.5,1.5331193460184085,1.7850648736645027,0.25194552764609424,439.33946583330055,467.90963559641034,28.57016976310979,38.7627110291811,60.7490827252762,21.986371696095105
2013.5,1.5742656287497303,1.843932397899501,0.2696667691497707,442.38547394313184,473.1040510119087,30.71857706877688,39.63094805394831,63.42635600432722,23.79540795037891
2014.5,1.6081009544301377,1.8964168323473602,0.2883158779172226,445.6057411591805,478.6816880498896,33.075946890709076,39.15272629838612,64.9564532905887,25.803726992202577
2015.5,1.6638767279069955,1.9724140956639,0.30853736775690455,448.6818781093449,484.3420521600234,35.660174050678506,39.45168701801003,67.2288003518713,27.777113333861273
2016.5,1.7229213808831823,2.0529542362259083,0.3300328553427261,451.7984929657025,490.2665818941241,38.468088928421594,39.75064773763393,69.35836860365352,29.607720866019584
2017.5,1.786497044703539,2.1397804026718665,0.35328335796832744,454.9576477125753,496.43900737450406,41.481359661928764,40.04960845725784,71.30810448294855,31.25849602569071
2018.5,1.843946794541728,2.221711750753923,0.37776495621219497,458.1621935899924,502.8421717693674,44.679978179374984,40.34856917688174,73.2234429788551,32.874873801973365
2019.5,1.9072658103020312,2.3112227947087147,0.4039569844066835,461.4065571042364,509.4666160506504,48.06005894641396,40.64752989650565,73.5187024663214,32.87117256981575
2020.5,1.965163924202023,2.395998668447989,0.43083474424596613,464.6953223966534,516.1197302811267,51.42440788447334,40.930383162101755,76.32253686532061,35.39215370321886
2021.5,2.0242042377121847,2.4833296556698934,0.45912541795770867,468.0235755288262,523.1207424670685,55.09716693824225,41.21323642769786,78.76410399783543,37.55086757013758
2022.5,2.0718573513429868,2.5603056299738887,0.4884482786309019,471.3924598455777,530.421565038988,59.02910519341026,41.21323642769786,78.76410399783543,37.55086757013758
